Model,MAE,RMSE,R2 Score
Linear Regression,12.410206709813764,13.529920884761498,-4.345256708622251
Random Forest,8.596876433584814,9.674656680781435,-1.7330600742725806
